{"stats":{"minecraft:crafted":{"minecraft:crafting_table":1,"minecraft:oak_planks":4},"minecraft:custom":{"minecraft:jump":15,"minecraft:time_since_rest":1109,"minecraft:leave_game":1,"minecraft:sprint_one_cm":1279,"minecraft:play_time":1109,"minecraft:time_since_death":1109,"minecraft:walk_one_cm":1143,"minecraft:total_world_time":1109,"minecraft:interact_with_crafting_table":1,"minecraft:fall_one_cm":209,"minecraft:fly_one_cm":1708},"minecraft:mined":{"minecraft:oak_log":1},"minecraft:used":{"minecraft:crafting_table":1},"minecraft:picked_up":{"minecraft:oak_log":1}},"DataVersion":3465}